frame,voice,gate_v,retrig_v,pitch_v,stage,attenuation,eg_count,eg_timer
0,0,10,10,0,4,1023,5,4096
0,1,0,0,0,0,1023,5,4096
0,2,0,0,0,0,1023,5,4096
0,3,0,0,0,0,1023,5,4096
48,0,10,0,0,4,409,261,4096
192,1,10,10,0.333333,4,1023,1029,4096
240,1,10,0,0.333333,4,409,1285,4096
384,2,10,10,0.666667,4,1023,2053,4096
432,2,10,0,0.666667,4,409,2309,4096
576,3,10,10,1,4,1023,3077,4096
624,3,10,0,1,4,409,3333,4096
2000,0,10,10,1.33333,4,416,10672,0
2000,1,10,10,1.58333,4,404,10672,0
2000,2,10,10,1.91667,4,389,10672,0
2000,3,10,10,2.33333,4,378,10672,0
2048,0,10,0,1.33333,4,164,10928,0
2048,1,10,0,1.58333,4,159,10928,0
2048,2,10,0,1.91667,4,153,10928,0
2048,3,10,0,2.33333,4,149,10928,0
4000,0,0,0,1.33333,1,452,21338,8192
4000,1,0,0,1.58333,1,452,21338,8192
4000,2,0,0,1.91667,1,452,21338,8192
4000,3,0,0,2.33333,1,452,21338,8192
5000,0,10,10,0,4,426,26672,0
5048,0,10,0,0,4,169,26928,0
6000,0,0,0,0,1,380,32005,4096
7000,0,10,10,1,4,382,37338,8192
7000,1,10,10,0,4,459,37338,8192
7000,2,10,10,0.333333,4,459,37338,8192
7000,3,10,10,0.583333,4,459,37338,8192
7048,0,10,0,1,4,149,37594,8192
7048,1,10,0,0,4,181,37594,8192
7048,2,10,0,0.333333,4,181,37594,8192
7048,3,10,0,0.583333,4,181,37594,8192
