rate,soft,loop,algorithm,fnv64
44100,0,0,-1,1867769719647420034
44100,0,0,0,11700599974096677389
44100,0,0,1,6595364914397363788
44100,0,0,2,17893649841661660555
44100,0,0,3,2597464760747559209
44100,0,0,4,9163952333040126076
44100,0,0,5,9673428062623591379
44100,0,0,6,12373789644879219721
44100,0,0,7,17028564540960629279
44100,0,1,-1,9455510895582844683
44100,0,1,0,5087774187581113904
44100,0,1,1,1448176441778335084
44100,0,1,2,14709097515578784531
44100,0,1,3,1605897451718213159
44100,0,1,4,11300019397659869038
44100,0,1,5,10421377850724954054
44100,0,1,6,12274814314727068644
44100,0,1,7,6560085555411353375
44100,1,0,-1,1861510811631578725
44100,1,0,0,7704010772550155319
44100,1,0,1,14307155943127528114
44100,1,0,2,9291555981231304550
44100,1,0,3,10477001349977734010
44100,1,0,4,2975675173303673384
44100,1,0,5,10180071783208469058
44100,1,0,6,13932089466819017352
44100,1,0,7,8059829194831453846
44100,1,1,-1,9455510895582844683
44100,1,1,0,5087774187581113904
44100,1,1,1,1448176441778335084
44100,1,1,2,14709097515578784531
44100,1,1,3,1605897451718213159
44100,1,1,4,11300019397659869038
44100,1,1,5,10421377850724954054
44100,1,1,6,12274814314727068644
44100,1,1,7,6560085555411353375
48000,0,0,-1,13537415456964168882
48000,0,0,0,17837628458210645257
48000,0,0,1,6197650984845445528
48000,0,0,2,4864487593405121570
48000,0,0,3,5835517895415258517
48000,0,0,4,7337697719946539906
48000,0,0,5,15617227790287479922
48000,0,0,6,930459241085519786
48000,0,0,7,1660358723386865955
48000,0,1,-1,17509759507091184894
48000,0,1,0,5471438039081948771
48000,0,1,1,11401316663461903873
48000,0,1,2,8401444003969144730
48000,0,1,3,5004685538222595174
48000,0,1,4,3888064737814754643
48000,0,1,5,497703591050648826
48000,0,1,6,1594117843143341370
48000,0,1,7,17303702677378410185
48000,1,0,-1,13026818841588774920
48000,1,0,0,13337232814075334847
48000,1,0,1,16010360520512724074
48000,1,0,2,11498865794470280011
48000,1,0,3,12079843353410967027
48000,1,0,4,1886112651892240624
48000,1,0,5,16917753417186867853
48000,1,0,6,10864933125035944214
48000,1,0,7,16609981018561626818
48000,1,1,-1,17509759507091184894
48000,1,1,0,5471438039081948771
48000,1,1,1,11401316663461903873
48000,1,1,2,8401444003969144730
48000,1,1,3,5004685538222595174
48000,1,1,4,3888064737814754643
48000,1,1,5,497703591050648826
48000,1,1,6,1594117843143341370
48000,1,1,7,17303702677378410185
96000,0,0,-1,930001394933168309
96000,0,0,0,14487991180874652331
96000,0,0,1,13727583468866149280
96000,0,0,2,17218317138001350929
96000,0,0,3,12418521876023850639
96000,0,0,4,16100256635303925543
96000,0,0,5,6669027810860738763
96000,0,0,6,8947051276013533154
96000,0,0,7,10197024425486281663
96000,0,1,-1,13720241399193850387
96000,0,1,0,8965245563832620905
96000,0,1,1,6472660532036091302
96000,0,1,2,17007361444955774171
96000,0,1,3,12492104623006733850
96000,0,1,4,9707851478663134008
96000,0,1,5,5399001691296610081
96000,0,1,6,14787049678336697098
96000,0,1,7,10453871754641520702
96000,1,0,-1,15112593246987754155
96000,1,0,0,14616919269299669420
96000,1,0,1,1250136251647307383
96000,1,0,2,286272389189586145
96000,1,0,3,27303386958604478
96000,1,0,4,5135895533467823936
96000,1,0,5,16117005921621950764
96000,1,0,6,4536490739560750886
96000,1,0,7,14653463614137179200
96000,1,1,-1,13720241399193850387
96000,1,1,0,8965245563832620905
96000,1,1,1,6472660532036091302
96000,1,1,2,17007361444955774171
96000,1,1,3,12492104623006733850
96000,1,1,4,9707851478663134008
96000,1,1,5,5399001691296610081
96000,1,1,6,14787049678336697098
96000,1,1,7,10453871754641520702
