frame,voice,gate_v,retrig_v,key_open,loop,stage,attenuation,eg_count,eg_timer
60,0,5,0,1,1,4,314,325,4096
61,0,5,0,1,1,4,314,330,8192
62,0,5,0,1,1,4,294,336,0
63,0,5,0,1,1,4,294,341,4096
64,0,5,0,1,1,4,294,346,8192
65,0,5,5,1,1,4,275,352,0
66,0,5,0,1,1,4,275,357,4096
67,0,5,0,1,1,4,275,362,8192
68,0,5,0,1,1,4,257,368,0
69,0,5,0,1,1,4,257,373,4096
70,0,5,0,1,1,4,257,378,8192
71,0,5,0,1,1,4,257,384,0
72,0,5,0,1,1,4,257,389,4096
73,0,5,0,1,1,4,257,394,8192
74,0,5,0,1,1,4,240,400,0
75,0,5,0,1,1,4,240,405,4096
76,0,5,0,1,1,4,240,410,8192
77,0,5,0,1,1,4,224,416,0
78,0,5,0,1,1,4,224,421,4096
79,0,5,0,1,1,4,224,426,8192
80,0,5,0,1,1,4,209,432,0
81,0,5,0,1,1,4,209,437,4096
82,0,5,0,1,1,4,209,442,8192
83,0,5,0,1,1,4,195,448,0
84,0,5,0,1,1,4,195,453,4096
85,0,5,0,1,1,4,195,458,8192
86,0,5,0,1,1,4,182,464,0
87,0,5,0,1,1,4,182,469,4096
88,0,5,0,1,1,4,182,474,8192
89,0,5,0,1,1,4,170,480,0
90,0,5,0,1,1,4,170,485,4096
91,0,5,0,1,1,4,170,490,8192
92,0,5,0,1,1,4,159,496,0
93,0,5,0,1,1,4,159,501,4096
94,0,5,0,1,1,4,159,506,8192
95,0,5,0,1,1,4,159,512,0
96,0,5,5,0,1,1,159,517,4096
97,0,5,5,0,1,1,159,522,8192
98,0,5,5,0,1,1,159,528,0
99,0,5,5,0,1,1,159,533,4096
100,0,5,5,0,1,1,159,538,8192
101,0,5,5,0,1,1,159,544,0
102,0,5,5,0,1,1,159,549,4096
103,0,5,5,0,1,1,159,554,8192
104,0,5,5,0,1,1,159,560,0
105,0,5,5,0,1,1,159,565,4096
106,0,5,5,0,1,1,159,570,8192
107,0,5,5,0,1,1,159,576,0
108,0,5,5,0,1,1,159,581,4096
109,0,5,5,0,1,1,159,586,8192
110,0,5,5,0,1,1,159,592,0
111,0,5,5,0,1,1,159,597,4096
112,0,5,5,1,1,4,159,602,8192
113,0,5,5,1,1,4,149,608,0
114,0,5,5,1,1,4,149,613,4096
115,0,5,5,1,1,4,149,618,8192
116,0,5,5,1,1,4,139,624,0
117,0,5,5,1,1,4,139,629,4096
118,0,5,5,1,1,4,139,634,8192
119,0,5,5,1,1,4,139,640,0
120,0,5,0,1,1,4,139,645,4096
121,0,5,0,1,1,4,139,650,8192
122,0,5,0,1,1,4,130,656,0
123,0,5,0,1,1,4,130,661,4096
124,0,5,0,1,1,4,130,666,8192
125,0,5,0,1,1,4,121,672,0
126,0,5,0,1,1,4,121,677,4096
127,0,5,0,1,1,4,121,682,8192
128,0,5,0,1,1,4,113,688,0
129,0,5,0,1,1,4,113,693,4096
