host_hz,sr_slider,frame,gate_v,out_v,inv_v
48000,0,0,5,4.92188,-4.92188
48000,0,1,5,9.84375,-9.84375
48000,0,2,5,9.84375,-9.84375
48000,0,3,5,9.84375,-9.84375
48000,0,4,5,9.76562,-9.76562
48000,0,5,5,9.76562,-9.76562
48000,0,6,5,9.6875,-9.6875
48000,0,7,5,9.6875,-9.6875
48000,0,8,5,9.60938,-9.60938
48000,0,9,5,9.60938,-9.60938
48000,0,10,5,9.53125,-9.53125
48000,0,11,5,9.53125,-9.53125
48000,0,12,5,9.45312,-9.45312
48000,0,13,5,9.45312,-9.45312
48000,0,14,5,9.375,-9.375
48000,0,15,5,9.375,-9.375
48000,0,16,5,9.29688,-9.29688
48000,0,17,5,9.29688,-9.29688
48000,0,18,5,9.21875,-9.21875
48000,0,19,5,9.21875,-9.21875
48000,0,20,5,9.14062,-9.14062
48000,0,21,5,9.14062,-9.14062
48000,0,22,5,9.0625,-9.0625
48000,0,23,5,9.0625,-9.0625
48000,0,24,5,8.98438,-8.98438
48000,0,25,5,8.98438,-8.98438
48000,0,26,5,8.90625,-8.90625
48000,0,27,5,8.90625,-8.90625
48000,0,28,5,8.82812,-8.82812
48000,0,29,5,8.82812,-8.82812
48000,0,30,5,8.75,-8.75
48000,0,31,5,8.75,-8.75
48000,0,32,5,8.67188,-8.67188
48000,0,33,5,8.67188,-8.67188
48000,0,34,5,8.59375,-8.59375
48000,0,35,5,8.59375,-8.59375
48000,0,36,5,8.59375,-8.59375
48000,0,37,5,8.51562,-8.51562
48000,0,38,5,8.51562,-8.51562
48000,0,39,5,8.4375,-8.4375
48000,0,40,5,8.4375,-8.4375
48000,0,41,5,8.35938,-8.35938
48000,0,42,5,8.35938,-8.35938
48000,0,43,5,8.35938,-8.35938
48000,0,44,5,8.28125,-8.28125
48000,0,45,5,8.28125,-8.28125
48000,0,46,5,8.20312,-8.20312
48000,0,47,5,8.20312,-8.20312
48000,0,48,0,8.125,-8.125
48000,0,49,0,8.125,-8.125
48000,0,50,0,8.04688,-8.04688
48000,0,51,0,8.04688,-8.04688
48000,0,52,0,7.96875,-7.96875
48000,0,53,0,7.96875,-7.96875
48000,0,54,0,7.89062,-7.89062
48000,0,55,0,7.89062,-7.89062
48000,0,56,0,7.8125,-7.8125
48000,0,57,0,7.8125,-7.8125
48000,0,58,0,7.73438,-7.73438
48000,0,59,0,7.73438,-7.73438
48000,0,60,0,7.65625,-7.65625
48000,0,61,0,7.65625,-7.65625
48000,0,62,0,7.57812,-7.57812
48000,0,63,0,7.57812,-7.57812
48000,0,64,0,7.5,-7.5
48000,0,65,0,7.5,-7.5
48000,0,66,0,7.42188,-7.42188
48000,0,67,0,7.42188,-7.42188
48000,0,68,0,7.34375,-7.34375
48000,0,69,0,7.34375,-7.34375
48000,0,70,0,7.26562,-7.26562
48000,0,71,0,7.26562,-7.26562
48000,0,72,0,7.1875,-7.1875
48000,0,73,0,7.1875,-7.1875
48000,0,74,0,7.10938,-7.10938
48000,0,75,0,7.10938,-7.10938
48000,0,76,0,7.03125,-7.03125
48000,0,77,0,7.03125,-7.03125
48000,0,78,0,6.95312,-6.95312
48000,0,79,0,6.95312,-6.95312
48000,0,80,0,6.875,-6.875
48000,0,81,0,6.875,-6.875
48000,0,82,0,6.79688,-6.79688
48000,0,83,0,6.79688,-6.79688
48000,0,84,0,6.71875,-6.71875
48000,0,85,0,6.71875,-6.71875
48000,0,86,0,6.64062,-6.64062
48000,0,87,0,6.64062,-6.64062
48000,0,88,0,6.5625,-6.5625
48000,0,89,0,6.5625,-6.5625
48000,0,90,0,6.48438,-6.48438
48000,0,91,0,6.48438,-6.48438
48000,0,92,0,6.40625,-6.40625
48000,0,93,0,6.40625,-6.40625
48000,0,94,0,6.32812,-6.32812
48000,0,95,0,6.32812,-6.32812
48000,0,96,0,6.25,-6.25
48000,0,97,0,6.25,-6.25
48000,0,98,0,6.17188,-6.17188
48000,0,99,0,6.17188,-6.17188
48000,0,100,0,6.09375,-6.09375
48000,0,101,0,6.09375,-6.09375
48000,0,102,0,6.01562,-6.01562
48000,0,103,0,6.01562,-6.01562
48000,0,104,0,5.9375,-5.9375
48000,0,105,0,5.9375,-5.9375
48000,0,106,0,5.85938,-5.85938
48000,0,107,0,5.85938,-5.85938
48000,0,108,0,5.78125,-5.78125
48000,0,109,0,5.78125,-5.78125
48000,0,110,0,5.70312,-5.70312
48000,0,111,0,5.70312,-5.70312
48000,0,112,0,5.625,-5.625
48000,0,113,0,5.625,-5.625
48000,0,114,0,5.54688,-5.54688
48000,0,115,0,5.54688,-5.54688
48000,0,116,0,5.46875,-5.46875
48000,0,117,0,5.46875,-5.46875
48000,0,118,0,5.39062,-5.39062
48000,0,119,0,5.39062,-5.39062
48000,0,120,0,5.3125,-5.3125
48000,0,121,0,5.3125,-5.3125
48000,0,122,0,5.23438,-5.23438
48000,0,123,0,5.23438,-5.23438
48000,0,124,0,5.15625,-5.15625
48000,0,125,0,5.15625,-5.15625
48000,0,126,0,5.07812,-5.07812
48000,0,127,0,5.07812,-5.07812
48000,0,128,0,5,-5
48000,0,129,0,5,-5
48000,0,130,0,4.92188,-4.92188
48000,0,131,0,4.92188,-4.92188
48000,0,132,0,4.84375,-4.84375
48000,0,133,0,4.84375,-4.84375
48000,0,134,0,4.76562,-4.76562
48000,0,135,0,4.76562,-4.76562
48000,0,136,0,4.6875,-4.6875
48000,0,137,0,4.6875,-4.6875
48000,0,138,0,4.60938,-4.60938
48000,0,139,0,4.60938,-4.60938
48000,0,140,0,4.53125,-4.53125
48000,0,141,0,4.53125,-4.53125
48000,0,142,0,4.45312,-4.45312
48000,0,143,0,4.45312,-4.45312
48000,0,144,0,4.375,-4.375
48000,0,145,0,4.375,-4.375
48000,0,146,0,4.29688,-4.29688
48000,0,147,0,4.29688,-4.29688
48000,0,148,0,4.21875,-4.21875
48000,0,149,0,4.21875,-4.21875
48000,0,150,0,4.14062,-4.14062
48000,0,151,0,4.14062,-4.14062
48000,0,152,0,4.0625,-4.0625
48000,0,153,0,4.0625,-4.0625
48000,0,154,0,3.98438,-3.98438
48000,0,155,0,3.98438,-3.98438
48000,0,156,0,3.90625,-3.90625
48000,0,157,0,3.90625,-3.90625
48000,0,158,0,3.82812,-3.82812
48000,0,159,0,3.82812,-3.82812
48000,0,160,0,3.75,-3.75
48000,0,161,0,3.75,-3.75
48000,0,162,0,3.67188,-3.67188
48000,0,163,0,3.67188,-3.67188
48000,0,164,0,3.59375,-3.59375
48000,0,165,0,3.59375,-3.59375
48000,0,166,0,3.51562,-3.51562
48000,0,167,0,3.51562,-3.51562
48000,0,168,0,3.4375,-3.4375
48000,0,169,0,3.4375,-3.4375
48000,0,170,0,3.35938,-3.35938
48000,0,171,0,3.35938,-3.35938
48000,0,172,0,3.28125,-3.28125
48000,0,173,0,3.28125,-3.28125
48000,0,174,0,3.20312,-3.20312
48000,0,175,0,3.20312,-3.20312
48000,0,176,0,3.125,-3.125
48000,0,177,0,3.125,-3.125
48000,0,178,0,3.04688,-3.04688
48000,0,179,0,3.04688,-3.04688
48000,0,180,0,2.96875,-2.96875
48000,0,181,0,2.96875,-2.96875
48000,0,182,0,2.89062,-2.89062
48000,0,183,0,2.89062,-2.89062
48000,0,184,0,2.8125,-2.8125
48000,0,185,0,2.8125,-2.8125
48000,0,186,0,2.73438,-2.73438
48000,0,187,0,2.73438,-2.73438
48000,0,188,0,2.65625,-2.65625
48000,0,189,0,2.65625,-2.65625
48000,0,190,0,2.57812,-2.57812
48000,0,191,0,2.57812,-2.57812
48000,0,192,0,2.5,-2.5
48000,0,193,0,2.5,-2.5
48000,0,194,0,2.42188,-2.42188
48000,0,195,0,2.42188,-2.42188
48000,0,196,0,2.34375,-2.34375
48000,0,197,0,2.34375,-2.34375
48000,0,198,0,2.26562,-2.26562
48000,0,199,0,2.26562,-2.26562
48000,0,200,0,2.1875,-2.1875
48000,0,201,0,2.1875,-2.1875
48000,0,202,0,2.10938,-2.10938
48000,0,203,0,2.10938,-2.10938
48000,0,204,0,2.03125,-2.03125
48000,0,205,0,2.03125,-2.03125
48000,0,206,0,1.95312,-1.95312
48000,0,207,0,1.95312,-1.95312
48000,0,208,0,1.875,-1.875
48000,0,209,0,1.875,-1.875
48000,0,210,0,1.79688,-1.79688
48000,0,211,0,1.79688,-1.79688
48000,0,212,0,1.71875,-1.71875
48000,0,213,0,1.71875,-1.71875
48000,0,214,0,1.64062,-1.64062
48000,0,215,0,1.64062,-1.64062
48000,0,216,0,1.5625,-1.5625
48000,0,217,0,1.5625,-1.5625
48000,0,218,0,1.48438,-1.48438
48000,0,219,0,1.48438,-1.48438
48000,0,220,0,1.40625,-1.40625
48000,0,221,0,1.40625,-1.40625
48000,0,222,0,1.32812,-1.32812
48000,0,223,0,1.32812,-1.32812
48000,0,224,0,1.25,-1.25
48000,0,225,0,1.25,-1.25
48000,0,226,0,1.17188,-1.17188
48000,0,227,0,1.17188,-1.17188
48000,0,228,0,1.09375,-1.09375
48000,0,229,0,1.09375,-1.09375
48000,0,230,0,1.01562,-1.01562
48000,0,231,0,1.01562,-1.01562
48000,0,232,0,0.9375,-0.9375
48000,0,233,0,0.9375,-0.9375
48000,0,234,0,0.859375,-0.859375
48000,0,235,0,0.859375,-0.859375
48000,0,236,0,0.78125,-0.78125
48000,0,237,0,0.78125,-0.78125
48000,0,238,0,0.703125,-0.703125
48000,0,239,0,0.703125,-0.703125
48000,0,240,0,0.625,-0.625
48000,0,241,0,0.625,-0.625
48000,0,242,0,0.546875,-0.546875
48000,0,243,0,0.546875,-0.546875
48000,0,244,0,0.46875,-0.46875
48000,0,245,0,0.46875,-0.46875
48000,0,246,0,0.390625,-0.390625
48000,0,247,0,0.390625,-0.390625
48000,0,248,0,0.3125,-0.3125
48000,0,249,0,0.3125,-0.3125
48000,0,250,0,0.234375,-0.234375
48000,0,251,0,0.234375,-0.234375
48000,0,252,0,0.15625,-0.15625
48000,0,253,0,0.15625,-0.15625
48000,0,254,0,0.078125,-0.078125
48000,0,255,0,0.078125,-0.078125
48000,0,256,0,0,-0
48000,0,257,0,0,-0
48000,0,258,0,0,-0
48000,0,259,0,0,-0
48000,0,260,0,0,-0
48000,0,261,0,0,-0
48000,0,262,0,0,-0
48000,0,263,0,0,-0
48000,0,264,0,0,-0
48000,0,265,0,0,-0
48000,0,266,0,0,-0
48000,0,267,0,0,-0
48000,0,268,0,0,-0
48000,0,269,0,0,-0
48000,0,270,0,0,-0
48000,0,271,0,0,-0
48000,0,272,0,0,-0
48000,0,273,0,0,-0
48000,0,274,0,0,-0
48000,0,275,0,0,-0
48000,0,276,0,0,-0
48000,0,277,0,0,-0
48000,0,278,0,0,-0
48000,0,279,0,0,-0
48000,0,280,0,0,-0
48000,0,281,0,0,-0
48000,0,282,0,0,-0
48000,0,283,0,0,-0
48000,0,284,0,0,-0
48000,0,285,0,0,-0
48000,0,286,0,0,-0
48000,0,287,0,0,-0
48000,0,288,0,0,-0
48000,0,289,0,0,-0
48000,0,290,0,0,-0
48000,0,291,0,0,-0
48000,0,292,0,0,-0
48000,0,293,0,0,-0
48000,0,294,0,0,-0
48000,0,295,0,0,-0
48000,0,296,0,0,-0
48000,0,297,0,0,-0
48000,0,298,0,0,-0
48000,0,299,0,0,-0
48000,0,300,0,0,-0
48000,0,301,0,0,-0
48000,0,302,0,0,-0
48000,0,303,0,0,-0
48000,0,304,0,0,-0
48000,0,305,0,0,-0
48000,0,306,0,0,-0
48000,0,307,0,0,-0
48000,0,308,0,0,-0
48000,0,309,0,0,-0
48000,0,310,0,0,-0
48000,0,311,0,0,-0
48000,0,312,0,0,-0
48000,0,313,0,0,-0
48000,0,314,0,0,-0
48000,0,315,0,0,-0
48000,0,316,0,0,-0
48000,0,317,0,0,-0
48000,0,318,0,0,-0
48000,0,319,0,0,-0
48000,0,320,0,0,-0
48000,0,321,0,0,-0
48000,0,322,0,0,-0
48000,0,323,0,0,-0
48000,0,324,0,0,-0
48000,0,325,0,0,-0
48000,0,326,0,0,-0
48000,0,327,0,0,-0
48000,0,328,0,0,-0
48000,0,329,0,0,-0
48000,0,330,0,0,-0
48000,0,331,0,0,-0
48000,0,332,0,0,-0
48000,0,333,0,0,-0
48000,0,334,0,0,-0
48000,0,335,0,0,-0
48000,0,336,0,0,-0
48000,0,337,0,0,-0
48000,0,338,0,0,-0
48000,0,339,0,0,-0
48000,0,340,0,0,-0
48000,0,341,0,0,-0
48000,0,342,0,0,-0
48000,0,343,0,0,-0
48000,0,344,0,0,-0
48000,0,345,0,0,-0
48000,0,346,0,0,-0
48000,0,347,0,0,-0
48000,0,348,0,0,-0
48000,0,349,0,0,-0
48000,0,350,0,0,-0
48000,0,351,0,0,-0
48000,0,352,0,0,-0
48000,0,353,0,0,-0
48000,0,354,0,0,-0
48000,0,355,0,0,-0
48000,0,356,0,0,-0
48000,0,357,0,0,-0
48000,0,358,0,0,-0
48000,0,359,0,0,-0
48000,0,360,0,0,-0
48000,0,361,0,0,-0
48000,0,362,0,0,-0
48000,0,363,0,0,-0
48000,0,364,0,0,-0
48000,0,365,0,0,-0
48000,0,366,0,0,-0
48000,0,367,0,0,-0
48000,0,368,0,0,-0
48000,0,369,0,0,-0
48000,0,370,0,0,-0
48000,0,371,0,0,-0
48000,0,372,0,0,-0
48000,0,373,0,0,-0
48000,0,374,0,0,-0
48000,0,375,0,0,-0
48000,0,376,0,0,-0
48000,0,377,0,0,-0
48000,0,378,0,0,-0
48000,0,379,0,0,-0
48000,0,380,0,0,-0
48000,0,381,0,0,-0
48000,0,382,0,0,-0
48000,0,383,0,0,-0
48000,0,384,0,0,-0
48000,0,385,0,0,-0
48000,0,386,0,0,-0
48000,0,387,0,0,-0
48000,0,388,0,0,-0
48000,0,389,0,0,-0
48000,0,390,0,0,-0
48000,0,391,0,0,-0
48000,0,392,0,0,-0
48000,0,393,0,0,-0
48000,0,394,0,0,-0
48000,0,395,0,0,-0
48000,0,396,0,0,-0
48000,0,397,0,0,-0
48000,0,398,0,0,-0
48000,0,399,0,0,-0
48000,0,400,0,0,-0
48000,0,401,0,0,-0
48000,0,402,0,0,-0
48000,0,403,0,0,-0
48000,0,404,0,0,-0
48000,0,405,0,0,-0
48000,0,406,0,0,-0
48000,0,407,0,0,-0
48000,0,408,0,0,-0
48000,0,409,0,0,-0
48000,0,410,0,0,-0
48000,0,411,0,0,-0
48000,0,412,0,0,-0
48000,0,413,0,0,-0
48000,0,414,0,0,-0
48000,0,415,0,0,-0
48000,0,416,0,0,-0
48000,0,417,0,0,-0
48000,0,418,0,0,-0
48000,0,419,0,0,-0
48000,0,420,0,0,-0
48000,0,421,0,0,-0
48000,0,422,0,0,-0
48000,0,423,0,0,-0
48000,0,424,0,0,-0
48000,0,425,0,0,-0
48000,0,426,0,0,-0
48000,0,427,0,0,-0
48000,0,428,0,0,-0
48000,0,429,0,0,-0
48000,0,430,0,0,-0
48000,0,431,0,0,-0
48000,0,432,0,0,-0
48000,0,433,0,0,-0
48000,0,434,0,0,-0
48000,0,435,0,0,-0
48000,0,436,0,0,-0
48000,0,437,0,0,-0
48000,0,438,0,0,-0
48000,0,439,0,0,-0
48000,0,440,0,0,-0
48000,0,441,0,0,-0
48000,0,442,0,0,-0
48000,0,443,0,0,-0
48000,0,444,0,0,-0
48000,0,445,0,0,-0
48000,0,446,0,0,-0
48000,0,447,0,0,-0
48000,0,448,0,0,-0
48000,0,449,0,0,-0
48000,0,450,0,0,-0
48000,0,451,0,0,-0
48000,0,452,0,0,-0
48000,0,453,0,0,-0
48000,0,454,0,0,-0
48000,0,455,0,0,-0
48000,0,456,0,0,-0
48000,0,457,0,0,-0
48000,0,458,0,0,-0
48000,0,459,0,0,-0
48000,0,460,0,0,-0
48000,0,461,0,0,-0
48000,0,462,0,0,-0
48000,0,463,0,0,-0
48000,0,464,0,0,-0
48000,0,465,0,0,-0
48000,0,466,0,0,-0
48000,0,467,0,0,-0
48000,0,468,0,0,-0
48000,0,469,0,0,-0
48000,0,470,0,0,-0
48000,0,471,0,0,-0
48000,0,472,0,0,-0
48000,0,473,0,0,-0
48000,0,474,0,0,-0
48000,0,475,0,0,-0
48000,0,476,0,0,-0
48000,0,477,0,0,-0
48000,0,478,0,0,-0
48000,0,479,0,0,-0
48000,0,480,0,0,-0
48000,0,481,0,0,-0
48000,0,482,0,0,-0
48000,0,483,0,0,-0
48000,0,484,0,0,-0
48000,0,485,0,0,-0
48000,0,486,0,0,-0
48000,0,487,0,0,-0
48000,0,488,0,0,-0
48000,0,489,0,0,-0
48000,0,490,0,0,-0
48000,0,491,0,0,-0
48000,0,492,0,0,-0
48000,0,493,0,0,-0
48000,0,494,0,0,-0
48000,0,495,0,0,-0
48000,0,496,0,0,-0
48000,0,497,0,0,-0
48000,0,498,0,0,-0
48000,0,499,0,0,-0
48000,0,500,0,0,-0
48000,0,501,0,0,-0
48000,0,502,0,0,-0
48000,0,503,0,0,-0
48000,0,504,0,0,-0
48000,0,505,0,0,-0
48000,0,506,0,0,-0
48000,0,507,0,0,-0
48000,0,508,0,0,-0
48000,0,509,0,0,-0
48000,0,510,0,0,-0
48000,0,511,0,0,-0
48000,0,512,0,0,-0
48000,0,513,0,0,-0
48000,0,514,0,0,-0
48000,0,515,0,0,-0
48000,0,516,0,0,-0
48000,0,517,0,0,-0
48000,0,518,0,0,-0
48000,0,519,0,0,-0
48000,0,520,0,0,-0
48000,0,521,0,0,-0
48000,0,522,0,0,-0
48000,0,523,0,0,-0
48000,0,524,0,0,-0
48000,0,525,0,0,-0
48000,0,526,0,0,-0
48000,0,527,0,0,-0
48000,0,528,0,0,-0
48000,0,529,0,0,-0
48000,0,530,0,0,-0
48000,0,531,0,0,-0
48000,0,532,0,0,-0
48000,0,533,0,0,-0
48000,0,534,0,0,-0
48000,0,535,0,0,-0
48000,0,536,0,0,-0
48000,0,537,0,0,-0
48000,0,538,0,0,-0
48000,0,539,0,0,-0
48000,0,540,0,0,-0
48000,0,541,0,0,-0
48000,0,542,0,0,-0
48000,0,543,0,0,-0
48000,0,544,0,0,-0
48000,0,545,0,0,-0
48000,0,546,0,0,-0
48000,0,547,0,0,-0
48000,0,548,0,0,-0
48000,0,549,0,0,-0
48000,0,550,0,0,-0
48000,0,551,0,0,-0
48000,0,552,0,0,-0
48000,0,553,0,0,-0
48000,0,554,0,0,-0
48000,0,555,0,0,-0
48000,0,556,0,0,-0
48000,0,557,0,0,-0
48000,0,558,0,0,-0
48000,0,559,0,0,-0
48000,0,560,0,0,-0
48000,0,561,0,0,-0
48000,0,562,0,0,-0
48000,0,563,0,0,-0
48000,0,564,0,0,-0
48000,0,565,0,0,-0
48000,0,566,0,0,-0
48000,0,567,0,0,-0
48000,0,568,0,0,-0
48000,0,569,0,0,-0
48000,0,570,0,0,-0
48000,0,571,0,0,-0
48000,0,572,0,0,-0
48000,0,573,0,0,-0
48000,0,574,0,0,-0
48000,0,575,0,0,-0
48000,0,576,0,0,-0
48000,0,577,0,0,-0
48000,0,578,0,0,-0
48000,0,579,0,0,-0
48000,0,580,0,0,-0
48000,0,581,0,0,-0
48000,0,582,0,0,-0
48000,0,583,0,0,-0
48000,0,584,0,0,-0
48000,0,585,0,0,-0
48000,0,586,0,0,-0
48000,0,587,0,0,-0
48000,0,588,0,0,-0
48000,0,589,0,0,-0
48000,0,590,0,0,-0
48000,0,591,0,0,-0
48000,0,592,0,0,-0
48000,0,593,0,0,-0
48000,0,594,0,0,-0
48000,0,595,0,0,-0
48000,0,596,0,0,-0
48000,0,597,0,0,-0
48000,0,598,0,0,-0
48000,0,599,0,0,-0
48000,0,600,0,0,-0
48000,0,601,0,0,-0
48000,0,602,0,0,-0
48000,0,603,0,0,-0
48000,0,604,0,0,-0
48000,0,605,0,0,-0
48000,0,606,0,0,-0
48000,0,607,0,0,-0
48000,0,608,0,0,-0
48000,0,609,0,0,-0
48000,0,610,0,0,-0
48000,0,611,0,0,-0
48000,0,612,0,0,-0
48000,0,613,0,0,-0
48000,0,614,0,0,-0
48000,0,615,0,0,-0
48000,0,616,0,0,-0
48000,0,617,0,0,-0
48000,0,618,0,0,-0
48000,0,619,0,0,-0
48000,0,620,0,0,-0
48000,0,621,0,0,-0
48000,0,622,0,0,-0
48000,0,623,0,0,-0
48000,20,0,5,4.92188,-4.92188
48000,20,1,5,9.84375,-9.84375
48000,20,2,5,9.84375,-9.84375
48000,20,3,5,9.84375,-9.84375
48000,20,4,5,9.84375,-9.84375
48000,20,5,5,9.84375,-9.84375
48000,20,6,5,9.84375,-9.84375
48000,20,7,5,9.84375,-9.84375
48000,20,8,5,9.84375,-9.84375
48000,20,9,5,9.84375,-9.84375
48000,20,10,5,9.84375,-9.84375
48000,20,11,5,9.84375,-9.84375
48000,20,12,5,9.84375,-9.84375
48000,20,13,5,9.84375,-9.84375
48000,20,14,5,9.84375,-9.84375
48000,20,15,5,9.84375,-9.84375
48000,20,16,5,9.84375,-9.84375
48000,20,17,5,9.84375,-9.84375
48000,20,18,5,9.84375,-9.84375
48000,20,19,5,9.84375,-9.84375
48000,20,20,5,9.84375,-9.84375
48000,20,21,5,9.84375,-9.84375
48000,20,22,5,9.84375,-9.84375
48000,20,23,5,9.84375,-9.84375
48000,20,24,5,9.84375,-9.84375
48000,20,25,5,9.84375,-9.84375
48000,20,26,5,9.84375,-9.84375
48000,20,27,5,9.84375,-9.84375
48000,20,28,5,9.84375,-9.84375
48000,20,29,5,9.84375,-9.84375
48000,20,30,5,9.84375,-9.84375
48000,20,31,5,9.84375,-9.84375
48000,20,32,5,9.84375,-9.84375
48000,20,33,5,9.84375,-9.84375
48000,20,34,5,9.84375,-9.84375
48000,20,35,5,9.84375,-9.84375
48000,20,36,5,9.84375,-9.84375
48000,20,37,5,9.84375,-9.84375
48000,20,38,5,9.84375,-9.84375
48000,20,39,5,9.84375,-9.84375
48000,20,40,5,9.84375,-9.84375
48000,20,41,5,9.84375,-9.84375
48000,20,42,5,9.84375,-9.84375
48000,20,43,5,9.84375,-9.84375
48000,20,44,5,9.84375,-9.84375
48000,20,45,5,9.84375,-9.84375
48000,20,46,5,9.84375,-9.84375
48000,20,47,5,9.84375,-9.84375
48000,20,48,0,9.84375,-9.84375
48000,20,49,0,9.76562,-9.76562
48000,20,50,0,9.76562,-9.76562
48000,20,51,0,9.6875,-9.6875
48000,20,52,0,9.6875,-9.6875
48000,20,53,0,9.60938,-9.60938
48000,20,54,0,9.60938,-9.60938
48000,20,55,0,9.53125,-9.53125
48000,20,56,0,9.53125,-9.53125
48000,20,57,0,9.45312,-9.45312
48000,20,58,0,9.45312,-9.45312
48000,20,59,0,9.375,-9.375
48000,20,60,0,9.375,-9.375
48000,20,61,0,9.29688,-9.29688
48000,20,62,0,9.29688,-9.29688
48000,20,63,0,9.21875,-9.21875
48000,20,64,0,9.21875,-9.21875
48000,20,65,0,9.14062,-9.14062
48000,20,66,0,9.14062,-9.14062
48000,20,67,0,9.0625,-9.0625
48000,20,68,0,9.0625,-9.0625
48000,20,69,0,8.98438,-8.98438
48000,20,70,0,8.98438,-8.98438
48000,20,71,0,8.90625,-8.90625
48000,20,72,0,8.90625,-8.90625
48000,20,73,0,8.82812,-8.82812
48000,20,74,0,8.82812,-8.82812
48000,20,75,0,8.75,-8.75
48000,20,76,0,8.75,-8.75
48000,20,77,0,8.67188,-8.67188
48000,20,78,0,8.67188,-8.67188
48000,20,79,0,8.59375,-8.59375
48000,20,80,0,8.59375,-8.59375
48000,20,81,0,8.51562,-8.51562
48000,20,82,0,8.51562,-8.51562
48000,20,83,0,8.4375,-8.4375
48000,20,84,0,8.4375,-8.4375
48000,20,85,0,8.35938,-8.35938
48000,20,86,0,8.35938,-8.35938
48000,20,87,0,8.28125,-8.28125
48000,20,88,0,8.28125,-8.28125
48000,20,89,0,8.20312,-8.20312
48000,20,90,0,8.20312,-8.20312
48000,20,91,0,8.125,-8.125
48000,20,92,0,8.125,-8.125
48000,20,93,0,8.04688,-8.04688
48000,20,94,0,8.04688,-8.04688
48000,20,95,0,7.96875,-7.96875
48000,20,96,0,7.96875,-7.96875
48000,20,97,0,7.89062,-7.89062
48000,20,98,0,7.89062,-7.89062
48000,20,99,0,7.8125,-7.8125
48000,20,100,0,7.8125,-7.8125
48000,20,101,0,7.73438,-7.73438
48000,20,102,0,7.73438,-7.73438
48000,20,103,0,7.65625,-7.65625
48000,20,104,0,7.65625,-7.65625
48000,20,105,0,7.57812,-7.57812
48000,20,106,0,7.57812,-7.57812
48000,20,107,0,7.5,-7.5
48000,20,108,0,7.5,-7.5
48000,20,109,0,7.42188,-7.42188
48000,20,110,0,7.42188,-7.42188
48000,20,111,0,7.34375,-7.34375
48000,20,112,0,7.34375,-7.34375
48000,20,113,0,7.26562,-7.26562
48000,20,114,0,7.26562,-7.26562
48000,20,115,0,7.1875,-7.1875
48000,20,116,0,7.1875,-7.1875
48000,20,117,0,7.10938,-7.10938
48000,20,118,0,7.10938,-7.10938
48000,20,119,0,7.03125,-7.03125
48000,20,120,0,7.03125,-7.03125
48000,20,121,0,6.95312,-6.95312
48000,20,122,0,6.95312,-6.95312
48000,20,123,0,6.875,-6.875
48000,20,124,0,6.875,-6.875
48000,20,125,0,6.79688,-6.79688
48000,20,126,0,6.79688,-6.79688
48000,20,127,0,6.71875,-6.71875
48000,20,128,0,6.71875,-6.71875
48000,20,129,0,6.64062,-6.64062
48000,20,130,0,6.64062,-6.64062
48000,20,131,0,6.5625,-6.5625
48000,20,132,0,6.5625,-6.5625
48000,20,133,0,6.48438,-6.48438
48000,20,134,0,6.48438,-6.48438
48000,20,135,0,6.40625,-6.40625
48000,20,136,0,6.40625,-6.40625
48000,20,137,0,6.32812,-6.32812
48000,20,138,0,6.32812,-6.32812
48000,20,139,0,6.25,-6.25
48000,20,140,0,6.25,-6.25
48000,20,141,0,6.17188,-6.17188
48000,20,142,0,6.17188,-6.17188
48000,20,143,0,6.09375,-6.09375
48000,20,144,0,6.09375,-6.09375
48000,20,145,0,6.01562,-6.01562
48000,20,146,0,6.01562,-6.01562
48000,20,147,0,5.9375,-5.9375
48000,20,148,0,5.9375,-5.9375
48000,20,149,0,5.85938,-5.85938
48000,20,150,0,5.85938,-5.85938
48000,20,151,0,5.78125,-5.78125
48000,20,152,0,5.78125,-5.78125
48000,20,153,0,5.70312,-5.70312
48000,20,154,0,5.70312,-5.70312
48000,20,155,0,5.625,-5.625
48000,20,156,0,5.625,-5.625
48000,20,157,0,5.54688,-5.54688
48000,20,158,0,5.54688,-5.54688
48000,20,159,0,5.46875,-5.46875
48000,20,160,0,5.46875,-5.46875
48000,20,161,0,5.39062,-5.39062
48000,20,162,0,5.39062,-5.39062
48000,20,163,0,5.3125,-5.3125
48000,20,164,0,5.3125,-5.3125
48000,20,165,0,5.23438,-5.23438
48000,20,166,0,5.23438,-5.23438
48000,20,167,0,5.15625,-5.15625
48000,20,168,0,5.15625,-5.15625
48000,20,169,0,5.07812,-5.07812
48000,20,170,0,5.07812,-5.07812
48000,20,171,0,5,-5
48000,20,172,0,5,-5
48000,20,173,0,4.92188,-4.92188
48000,20,174,0,4.92188,-4.92188
48000,20,175,0,4.84375,-4.84375
48000,20,176,0,4.84375,-4.84375
48000,20,177,0,4.76562,-4.76562
48000,20,178,0,4.76562,-4.76562
48000,20,179,0,4.6875,-4.6875
48000,20,180,0,4.6875,-4.6875
48000,20,181,0,4.60938,-4.60938
48000,20,182,0,4.60938,-4.60938
48000,20,183,0,4.53125,-4.53125
48000,20,184,0,4.53125,-4.53125
48000,20,185,0,4.45312,-4.45312
48000,20,186,0,4.45312,-4.45312
48000,20,187,0,4.375,-4.375
48000,20,188,0,4.375,-4.375
48000,20,189,0,4.29688,-4.29688
48000,20,190,0,4.29688,-4.29688
48000,20,191,0,4.21875,-4.21875
48000,20,192,0,4.21875,-4.21875
48000,20,193,0,4.14062,-4.14062
48000,20,194,0,4.14062,-4.14062
48000,20,195,0,4.0625,-4.0625
48000,20,196,0,4.0625,-4.0625
48000,20,197,0,3.98438,-3.98438
48000,20,198,0,3.98438,-3.98438
48000,20,199,0,3.90625,-3.90625
48000,20,200,0,3.90625,-3.90625
48000,20,201,0,3.82812,-3.82812
48000,20,202,0,3.82812,-3.82812
48000,20,203,0,3.75,-3.75
48000,20,204,0,3.75,-3.75
48000,20,205,0,3.67188,-3.67188
48000,20,206,0,3.67188,-3.67188
48000,20,207,0,3.59375,-3.59375
48000,20,208,0,3.59375,-3.59375
48000,20,209,0,3.51562,-3.51562
48000,20,210,0,3.51562,-3.51562
48000,20,211,0,3.4375,-3.4375
48000,20,212,0,3.4375,-3.4375
48000,20,213,0,3.35938,-3.35938
48000,20,214,0,3.35938,-3.35938
48000,20,215,0,3.28125,-3.28125
48000,20,216,0,3.28125,-3.28125
48000,20,217,0,3.20312,-3.20312
48000,20,218,0,3.20312,-3.20312
48000,20,219,0,3.125,-3.125
48000,20,220,0,3.125,-3.125
48000,20,221,0,3.04688,-3.04688
48000,20,222,0,3.04688,-3.04688
48000,20,223,0,2.96875,-2.96875
48000,20,224,0,2.96875,-2.96875
48000,20,225,0,2.89062,-2.89062
48000,20,226,0,2.89062,-2.89062
48000,20,227,0,2.8125,-2.8125
48000,20,228,0,2.8125,-2.8125
48000,20,229,0,2.73438,-2.73438
48000,20,230,0,2.73438,-2.73438
48000,20,231,0,2.65625,-2.65625
48000,20,232,0,2.65625,-2.65625
48000,20,233,0,2.57812,-2.57812
48000,20,234,0,2.57812,-2.57812
48000,20,235,0,2.5,-2.5
48000,20,236,0,2.5,-2.5
48000,20,237,0,2.42188,-2.42188
48000,20,238,0,2.42188,-2.42188
48000,20,239,0,2.34375,-2.34375
48000,20,240,0,2.34375,-2.34375
48000,20,241,0,2.26562,-2.26562
48000,20,242,0,2.26562,-2.26562
48000,20,243,0,2.1875,-2.1875
48000,20,244,0,2.1875,-2.1875
48000,20,245,0,2.10938,-2.10938
48000,20,246,0,2.10938,-2.10938
48000,20,247,0,2.03125,-2.03125
48000,20,248,0,2.03125,-2.03125
48000,20,249,0,1.95312,-1.95312
48000,20,250,0,1.95312,-1.95312
48000,20,251,0,1.875,-1.875
48000,20,252,0,1.875,-1.875
48000,20,253,0,1.79688,-1.79688
48000,20,254,0,1.79688,-1.79688
48000,20,255,0,1.71875,-1.71875
48000,20,256,0,1.71875,-1.71875
48000,20,257,0,1.64062,-1.64062
48000,20,258,0,1.64062,-1.64062
48000,20,259,0,1.5625,-1.5625
48000,20,260,0,1.5625,-1.5625
48000,20,261,0,1.48438,-1.48438
48000,20,262,0,1.48438,-1.48438
48000,20,263,0,1.40625,-1.40625
48000,20,264,0,1.40625,-1.40625
48000,20,265,0,1.32812,-1.32812
48000,20,266,0,1.32812,-1.32812
48000,20,267,0,1.25,-1.25
48000,20,268,0,1.25,-1.25
48000,20,269,0,1.17188,-1.17188
48000,20,270,0,1.17188,-1.17188
48000,20,271,0,1.09375,-1.09375
48000,20,272,0,1.09375,-1.09375
48000,20,273,0,1.01562,-1.01562
48000,20,274,0,1.01562,-1.01562
48000,20,275,0,0.9375,-0.9375
48000,20,276,0,0.9375,-0.9375
48000,20,277,0,0.859375,-0.859375
48000,20,278,0,0.859375,-0.859375
48000,20,279,0,0.78125,-0.78125
48000,20,280,0,0.78125,-0.78125
48000,20,281,0,0.703125,-0.703125
48000,20,282,0,0.703125,-0.703125
48000,20,283,0,0.625,-0.625
48000,20,284,0,0.625,-0.625
48000,20,285,0,0.546875,-0.546875
48000,20,286,0,0.546875,-0.546875
48000,20,287,0,0.46875,-0.46875
48000,20,288,0,0.46875,-0.46875
48000,20,289,0,0.390625,-0.390625
48000,20,290,0,0.390625,-0.390625
48000,20,291,0,0.3125,-0.3125
48000,20,292,0,0.3125,-0.3125
48000,20,293,0,0.234375,-0.234375
48000,20,294,0,0.234375,-0.234375
48000,20,295,0,0.15625,-0.15625
48000,20,296,0,0.15625,-0.15625
48000,20,297,0,0.078125,-0.078125
48000,20,298,0,0.078125,-0.078125
48000,20,299,0,0,-0
48000,20,300,0,0,-0
48000,20,301,0,0,-0
48000,20,302,0,0,-0
48000,20,303,0,0,-0
48000,20,304,0,0,-0
48000,20,305,0,0,-0
48000,20,306,0,0,-0
48000,20,307,0,0,-0
48000,20,308,0,0,-0
48000,20,309,0,0,-0
48000,20,310,0,0,-0
48000,20,311,0,0,-0
48000,20,312,0,0,-0
48000,20,313,0,0,-0
48000,20,314,0,0,-0
48000,20,315,0,0,-0
48000,20,316,0,0,-0
48000,20,317,0,0,-0
48000,20,318,0,0,-0
48000,20,319,0,0,-0
48000,20,320,0,0,-0
48000,20,321,0,0,-0
48000,20,322,0,0,-0
48000,20,323,0,0,-0
48000,20,324,0,0,-0
48000,20,325,0,0,-0
48000,20,326,0,0,-0
48000,20,327,0,0,-0
48000,20,328,0,0,-0
48000,20,329,0,0,-0
48000,20,330,0,0,-0
48000,20,331,0,0,-0
48000,20,332,0,0,-0
48000,20,333,0,0,-0
48000,20,334,0,0,-0
48000,20,335,0,0,-0
48000,20,336,0,0,-0
48000,20,337,0,0,-0
48000,20,338,0,0,-0
48000,20,339,0,0,-0
48000,20,340,0,0,-0
48000,20,341,0,0,-0
48000,20,342,0,0,-0
48000,20,343,0,0,-0
48000,20,344,0,0,-0
48000,20,345,0,0,-0
48000,20,346,0,0,-0
48000,20,347,0,0,-0
48000,20,348,0,0,-0
48000,20,349,0,0,-0
48000,20,350,0,0,-0
48000,20,351,0,0,-0
48000,20,352,0,0,-0
48000,20,353,0,0,-0
48000,20,354,0,0,-0
48000,20,355,0,0,-0
48000,20,356,0,0,-0
48000,20,357,0,0,-0
48000,20,358,0,0,-0
48000,20,359,0,0,-0
48000,20,360,0,0,-0
48000,20,361,0,0,-0
48000,20,362,0,0,-0
48000,20,363,0,0,-0
48000,20,364,0,0,-0
48000,20,365,0,0,-0
48000,20,366,0,0,-0
48000,20,367,0,0,-0
48000,20,368,0,0,-0
48000,20,369,0,0,-0
48000,20,370,0,0,-0
48000,20,371,0,0,-0
48000,20,372,0,0,-0
48000,20,373,0,0,-0
48000,20,374,0,0,-0
48000,20,375,0,0,-0
48000,20,376,0,0,-0
48000,20,377,0,0,-0
48000,20,378,0,0,-0
48000,20,379,0,0,-0
48000,20,380,0,0,-0
48000,20,381,0,0,-0
48000,20,382,0,0,-0
48000,20,383,0,0,-0
48000,20,384,0,0,-0
48000,20,385,0,0,-0
48000,20,386,0,0,-0
48000,20,387,0,0,-0
48000,20,388,0,0,-0
48000,20,389,0,0,-0
48000,20,390,0,0,-0
48000,20,391,0,0,-0
48000,20,392,0,0,-0
48000,20,393,0,0,-0
48000,20,394,0,0,-0
48000,20,395,0,0,-0
48000,20,396,0,0,-0
48000,20,397,0,0,-0
48000,20,398,0,0,-0
48000,20,399,0,0,-0
48000,20,400,0,0,-0
48000,20,401,0,0,-0
48000,20,402,0,0,-0
48000,20,403,0,0,-0
48000,20,404,0,0,-0
48000,20,405,0,0,-0
48000,20,406,0,0,-0
48000,20,407,0,0,-0
48000,20,408,0,0,-0
48000,20,409,0,0,-0
48000,20,410,0,0,-0
48000,20,411,0,0,-0
48000,20,412,0,0,-0
48000,20,413,0,0,-0
48000,20,414,0,0,-0
48000,20,415,0,0,-0
48000,20,416,0,0,-0
48000,20,417,0,0,-0
48000,20,418,0,0,-0
48000,20,419,0,0,-0
48000,20,420,0,0,-0
48000,20,421,0,0,-0
48000,20,422,0,0,-0
48000,20,423,0,0,-0
48000,20,424,0,0,-0
48000,20,425,0,0,-0
48000,20,426,0,0,-0
48000,20,427,0,0,-0
48000,20,428,0,0,-0
48000,20,429,0,0,-0
48000,20,430,0,0,-0
48000,20,431,0,0,-0
48000,20,432,0,0,-0
48000,20,433,0,0,-0
48000,20,434,0,0,-0
48000,20,435,0,0,-0
48000,20,436,0,0,-0
48000,20,437,0,0,-0
48000,20,438,0,0,-0
48000,20,439,0,0,-0
48000,20,440,0,0,-0
48000,20,441,0,0,-0
48000,20,442,0,0,-0
48000,20,443,0,0,-0
48000,20,444,0,0,-0
48000,20,445,0,0,-0
48000,20,446,0,0,-0
48000,20,447,0,0,-0
48000,20,448,0,0,-0
48000,20,449,0,0,-0
48000,20,450,0,0,-0
48000,20,451,0,0,-0
48000,20,452,0,0,-0
48000,20,453,0,0,-0
48000,20,454,0,0,-0
48000,20,455,0,0,-0
48000,20,456,0,0,-0
48000,20,457,0,0,-0
48000,20,458,0,0,-0
48000,20,459,0,0,-0
48000,20,460,0,0,-0
48000,20,461,0,0,-0
48000,20,462,0,0,-0
48000,20,463,0,0,-0
48000,20,464,0,0,-0
48000,20,465,0,0,-0
48000,20,466,0,0,-0
48000,20,467,0,0,-0
48000,20,468,0,0,-0
48000,20,469,0,0,-0
48000,20,470,0,0,-0
48000,20,471,0,0,-0
48000,20,472,0,0,-0
48000,20,473,0,0,-0
48000,20,474,0,0,-0
48000,20,475,0,0,-0
48000,20,476,0,0,-0
48000,20,477,0,0,-0
48000,20,478,0,0,-0
48000,20,479,0,0,-0
48000,20,480,0,0,-0
48000,20,481,0,0,-0
48000,20,482,0,0,-0
48000,20,483,0,0,-0
48000,20,484,0,0,-0
48000,20,485,0,0,-0
48000,20,486,0,0,-0
48000,20,487,0,0,-0
48000,20,488,0,0,-0
48000,20,489,0,0,-0
48000,20,490,0,0,-0
48000,20,491,0,0,-0
48000,20,492,0,0,-0
48000,20,493,0,0,-0
48000,20,494,0,0,-0
48000,20,495,0,0,-0
48000,20,496,0,0,-0
48000,20,497,0,0,-0
48000,20,498,0,0,-0
48000,20,499,0,0,-0
48000,20,500,0,0,-0
48000,20,501,0,0,-0
48000,20,502,0,0,-0
48000,20,503,0,0,-0
48000,20,504,0,0,-0
48000,20,505,0,0,-0
48000,20,506,0,0,-0
48000,20,507,0,0,-0
48000,20,508,0,0,-0
48000,20,509,0,0,-0
48000,20,510,0,0,-0
48000,20,511,0,0,-0
48000,20,512,0,0,-0
48000,20,513,0,0,-0
48000,20,514,0,0,-0
48000,20,515,0,0,-0
48000,20,516,0,0,-0
48000,20,517,0,0,-0
48000,20,518,0,0,-0
48000,20,519,0,0,-0
48000,20,520,0,0,-0
48000,20,521,0,0,-0
48000,20,522,0,0,-0
48000,20,523,0,0,-0
48000,20,524,0,0,-0
48000,20,525,0,0,-0
48000,20,526,0,0,-0
48000,20,527,0,0,-0
48000,20,528,0,0,-0
48000,20,529,0,0,-0
48000,20,530,0,0,-0
48000,20,531,0,0,-0
48000,20,532,0,0,-0
48000,20,533,0,0,-0
48000,20,534,0,0,-0
48000,20,535,0,0,-0
48000,20,536,0,0,-0
48000,20,537,0,0,-0
48000,20,538,0,0,-0
48000,20,539,0,0,-0
48000,20,540,0,0,-0
48000,20,541,0,0,-0
48000,20,542,0,0,-0
48000,20,543,0,0,-0
48000,20,544,0,0,-0
48000,20,545,0,0,-0
48000,20,546,0,0,-0
48000,20,547,0,0,-0
48000,20,548,0,0,-0
48000,20,549,0,0,-0
48000,20,550,0,0,-0
48000,20,551,0,0,-0
48000,20,552,0,0,-0
48000,20,553,0,0,-0
48000,20,554,0,0,-0
48000,20,555,0,0,-0
48000,20,556,0,0,-0
48000,20,557,0,0,-0
48000,20,558,0,0,-0
48000,20,559,0,0,-0
48000,20,560,0,0,-0
48000,20,561,0,0,-0
48000,20,562,0,0,-0
48000,20,563,0,0,-0
48000,20,564,0,0,-0
48000,20,565,0,0,-0
48000,20,566,0,0,-0
48000,20,567,0,0,-0
48000,20,568,0,0,-0
48000,20,569,0,0,-0
48000,20,570,0,0,-0
48000,20,571,0,0,-0
48000,20,572,0,0,-0
48000,20,573,0,0,-0
48000,20,574,0,0,-0
48000,20,575,0,0,-0
48000,20,576,0,0,-0
48000,20,577,0,0,-0
48000,20,578,0,0,-0
48000,20,579,0,0,-0
48000,20,580,0,0,-0
48000,20,581,0,0,-0
48000,20,582,0,0,-0
48000,20,583,0,0,-0
48000,20,584,0,0,-0
48000,20,585,0,0,-0
48000,20,586,0,0,-0
48000,20,587,0,0,-0
48000,20,588,0,0,-0
48000,20,589,0,0,-0
48000,20,590,0,0,-0
48000,20,591,0,0,-0
48000,20,592,0,0,-0
48000,20,593,0,0,-0
48000,20,594,0,0,-0
48000,20,595,0,0,-0
48000,20,596,0,0,-0
48000,20,597,0,0,-0
48000,20,598,0,0,-0
48000,20,599,0,0,-0
48000,20,600,0,0,-0
48000,20,601,0,0,-0
48000,20,602,0,0,-0
48000,20,603,0,0,-0
48000,20,604,0,0,-0
48000,20,605,0,0,-0
48000,20,606,0,0,-0
48000,20,607,0,0,-0
48000,20,608,0,0,-0
48000,20,609,0,0,-0
48000,20,610,0,0,-0
48000,20,611,0,0,-0
48000,20,612,0,0,-0
48000,20,613,0,0,-0
48000,20,614,0,0,-0
48000,20,615,0,0,-0
48000,20,616,0,0,-0
48000,20,617,0,0,-0
48000,20,618,0,0,-0
48000,20,619,0,0,-0
48000,20,620,0,0,-0
48000,20,621,0,0,-0
48000,20,622,0,0,-0
48000,20,623,0,0,-0
48000,31,0,5,4.92188,-4.92188
48000,31,1,5,9.84375,-9.84375
48000,31,2,5,9.84375,-9.84375
48000,31,3,5,9.84375,-9.84375
48000,31,4,5,9.84375,-9.84375
48000,31,5,5,9.84375,-9.84375
48000,31,6,5,9.84375,-9.84375
48000,31,7,5,9.84375,-9.84375
48000,31,8,5,9.84375,-9.84375
48000,31,9,5,9.84375,-9.84375
48000,31,10,5,9.84375,-9.84375
48000,31,11,5,9.84375,-9.84375
48000,31,12,5,9.84375,-9.84375
48000,31,13,5,9.84375,-9.84375
48000,31,14,5,9.84375,-9.84375
48000,31,15,5,9.84375,-9.84375
48000,31,16,5,9.84375,-9.84375
48000,31,17,5,9.84375,-9.84375
48000,31,18,5,9.84375,-9.84375
48000,31,19,5,9.84375,-9.84375
48000,31,20,5,9.84375,-9.84375
48000,31,21,5,9.84375,-9.84375
48000,31,22,5,9.84375,-9.84375
48000,31,23,5,9.84375,-9.84375
48000,31,24,5,9.84375,-9.84375
48000,31,25,5,9.84375,-9.84375
48000,31,26,5,9.84375,-9.84375
48000,31,27,5,9.84375,-9.84375
48000,31,28,5,9.84375,-9.84375
48000,31,29,5,9.84375,-9.84375
48000,31,30,5,9.84375,-9.84375
48000,31,31,5,9.84375,-9.84375
48000,31,32,5,9.84375,-9.84375
48000,31,33,5,9.84375,-9.84375
48000,31,34,5,9.84375,-9.84375
48000,31,35,5,9.84375,-9.84375
48000,31,36,5,9.84375,-9.84375
48000,31,37,5,9.84375,-9.84375
48000,31,38,5,9.84375,-9.84375
48000,31,39,5,9.84375,-9.84375
48000,31,40,5,9.84375,-9.84375
48000,31,41,5,9.84375,-9.84375
48000,31,42,5,9.84375,-9.84375
48000,31,43,5,9.84375,-9.84375
48000,31,44,5,9.84375,-9.84375
48000,31,45,5,9.84375,-9.84375
48000,31,46,5,9.84375,-9.84375
48000,31,47,5,9.84375,-9.84375
48000,31,48,0,9.84375,-9.84375
48000,31,49,0,9.76562,-9.76562
48000,31,50,0,9.76562,-9.76562
48000,31,51,0,9.6875,-9.6875
48000,31,52,0,9.6875,-9.6875
48000,31,53,0,9.60938,-9.60938
48000,31,54,0,9.60938,-9.60938
48000,31,55,0,9.53125,-9.53125
48000,31,56,0,9.53125,-9.53125
48000,31,57,0,9.45312,-9.45312
48000,31,58,0,9.45312,-9.45312
48000,31,59,0,9.375,-9.375
48000,31,60,0,9.375,-9.375
48000,31,61,0,9.29688,-9.29688
48000,31,62,0,9.29688,-9.29688
48000,31,63,0,9.21875,-9.21875
48000,31,64,0,9.21875,-9.21875
48000,31,65,0,9.14062,-9.14062
48000,31,66,0,9.14062,-9.14062
48000,31,67,0,9.0625,-9.0625
48000,31,68,0,9.0625,-9.0625
48000,31,69,0,8.98438,-8.98438
48000,31,70,0,8.98438,-8.98438
48000,31,71,0,8.90625,-8.90625
48000,31,72,0,8.90625,-8.90625
48000,31,73,0,8.82812,-8.82812
48000,31,74,0,8.82812,-8.82812
48000,31,75,0,8.75,-8.75
48000,31,76,0,8.75,-8.75
48000,31,77,0,8.67188,-8.67188
48000,31,78,0,8.67188,-8.67188
48000,31,79,0,8.59375,-8.59375
48000,31,80,0,8.59375,-8.59375
48000,31,81,0,8.51562,-8.51562
48000,31,82,0,8.51562,-8.51562
48000,31,83,0,8.4375,-8.4375
48000,31,84,0,8.4375,-8.4375
48000,31,85,0,8.35938,-8.35938
48000,31,86,0,8.35938,-8.35938
48000,31,87,0,8.28125,-8.28125
48000,31,88,0,8.28125,-8.28125
48000,31,89,0,8.20312,-8.20312
48000,31,90,0,8.20312,-8.20312
48000,31,91,0,8.125,-8.125
48000,31,92,0,8.125,-8.125
48000,31,93,0,8.04688,-8.04688
48000,31,94,0,8.04688,-8.04688
48000,31,95,0,7.96875,-7.96875
48000,31,96,0,7.96875,-7.96875
48000,31,97,0,7.89062,-7.89062
48000,31,98,0,7.89062,-7.89062
48000,31,99,0,7.8125,-7.8125
48000,31,100,0,7.8125,-7.8125
48000,31,101,0,7.73438,-7.73438
48000,31,102,0,7.73438,-7.73438
48000,31,103,0,7.65625,-7.65625
48000,31,104,0,7.65625,-7.65625
48000,31,105,0,7.57812,-7.57812
48000,31,106,0,7.57812,-7.57812
48000,31,107,0,7.5,-7.5
48000,31,108,0,7.5,-7.5
48000,31,109,0,7.42188,-7.42188
48000,31,110,0,7.42188,-7.42188
48000,31,111,0,7.34375,-7.34375
48000,31,112,0,7.34375,-7.34375
48000,31,113,0,7.26562,-7.26562
48000,31,114,0,7.26562,-7.26562
48000,31,115,0,7.1875,-7.1875
48000,31,116,0,7.1875,-7.1875
48000,31,117,0,7.10938,-7.10938
48000,31,118,0,7.10938,-7.10938
48000,31,119,0,7.03125,-7.03125
48000,31,120,0,7.03125,-7.03125
48000,31,121,0,6.95312,-6.95312
48000,31,122,0,6.95312,-6.95312
48000,31,123,0,6.875,-6.875
48000,31,124,0,6.875,-6.875
48000,31,125,0,6.79688,-6.79688
48000,31,126,0,6.79688,-6.79688
48000,31,127,0,6.71875,-6.71875
48000,31,128,0,6.71875,-6.71875
48000,31,129,0,6.64062,-6.64062
48000,31,130,0,6.64062,-6.64062
48000,31,131,0,6.5625,-6.5625
48000,31,132,0,6.5625,-6.5625
48000,31,133,0,6.48438,-6.48438
48000,31,134,0,6.48438,-6.48438
48000,31,135,0,6.40625,-6.40625
48000,31,136,0,6.40625,-6.40625
48000,31,137,0,6.32812,-6.32812
48000,31,138,0,6.32812,-6.32812
48000,31,139,0,6.25,-6.25
48000,31,140,0,6.25,-6.25
48000,31,141,0,6.17188,-6.17188
48000,31,142,0,6.17188,-6.17188
48000,31,143,0,6.09375,-6.09375
48000,31,144,0,6.09375,-6.09375
48000,31,145,0,6.01562,-6.01562
48000,31,146,0,6.01562,-6.01562
48000,31,147,0,5.9375,-5.9375
48000,31,148,0,5.9375,-5.9375
48000,31,149,0,5.85938,-5.85938
48000,31,150,0,5.85938,-5.85938
48000,31,151,0,5.78125,-5.78125
48000,31,152,0,5.78125,-5.78125
48000,31,153,0,5.70312,-5.70312
48000,31,154,0,5.70312,-5.70312
48000,31,155,0,5.625,-5.625
48000,31,156,0,5.625,-5.625
48000,31,157,0,5.54688,-5.54688
48000,31,158,0,5.54688,-5.54688
48000,31,159,0,5.46875,-5.46875
48000,31,160,0,5.46875,-5.46875
48000,31,161,0,5.39062,-5.39062
48000,31,162,0,5.39062,-5.39062
48000,31,163,0,5.3125,-5.3125
48000,31,164,0,5.3125,-5.3125
48000,31,165,0,5.23438,-5.23438
48000,31,166,0,5.23438,-5.23438
48000,31,167,0,5.15625,-5.15625
48000,31,168,0,5.15625,-5.15625
48000,31,169,0,5.07812,-5.07812
48000,31,170,0,5.07812,-5.07812
48000,31,171,0,5,-5
48000,31,172,0,5,-5
48000,31,173,0,4.92188,-4.92188
48000,31,174,0,4.92188,-4.92188
48000,31,175,0,4.84375,-4.84375
48000,31,176,0,4.84375,-4.84375
48000,31,177,0,4.76562,-4.76562
48000,31,178,0,4.76562,-4.76562
48000,31,179,0,4.6875,-4.6875
48000,31,180,0,4.6875,-4.6875
48000,31,181,0,4.60938,-4.60938
48000,31,182,0,4.60938,-4.60938
48000,31,183,0,4.53125,-4.53125
48000,31,184,0,4.53125,-4.53125
48000,31,185,0,4.45312,-4.45312
48000,31,186,0,4.45312,-4.45312
48000,31,187,0,4.375,-4.375
48000,31,188,0,4.375,-4.375
48000,31,189,0,4.29688,-4.29688
48000,31,190,0,4.29688,-4.29688
48000,31,191,0,4.21875,-4.21875
48000,31,192,0,4.21875,-4.21875
48000,31,193,0,4.14062,-4.14062
48000,31,194,0,4.14062,-4.14062
48000,31,195,0,4.0625,-4.0625
48000,31,196,0,4.0625,-4.0625
48000,31,197,0,3.98438,-3.98438
48000,31,198,0,3.98438,-3.98438
48000,31,199,0,3.90625,-3.90625
48000,31,200,0,3.90625,-3.90625
48000,31,201,0,3.82812,-3.82812
48000,31,202,0,3.82812,-3.82812
48000,31,203,0,3.75,-3.75
48000,31,204,0,3.75,-3.75
48000,31,205,0,3.67188,-3.67188
48000,31,206,0,3.67188,-3.67188
48000,31,207,0,3.59375,-3.59375
48000,31,208,0,3.59375,-3.59375
48000,31,209,0,3.51562,-3.51562
48000,31,210,0,3.51562,-3.51562
48000,31,211,0,3.4375,-3.4375
48000,31,212,0,3.4375,-3.4375
48000,31,213,0,3.35938,-3.35938
48000,31,214,0,3.35938,-3.35938
48000,31,215,0,3.28125,-3.28125
48000,31,216,0,3.28125,-3.28125
48000,31,217,0,3.20312,-3.20312
48000,31,218,0,3.20312,-3.20312
48000,31,219,0,3.125,-3.125
48000,31,220,0,3.125,-3.125
48000,31,221,0,3.04688,-3.04688
48000,31,222,0,3.04688,-3.04688
48000,31,223,0,2.96875,-2.96875
48000,31,224,0,2.96875,-2.96875
48000,31,225,0,2.89062,-2.89062
48000,31,226,0,2.89062,-2.89062
48000,31,227,0,2.8125,-2.8125
48000,31,228,0,2.8125,-2.8125
48000,31,229,0,2.73438,-2.73438
48000,31,230,0,2.73438,-2.73438
48000,31,231,0,2.65625,-2.65625
48000,31,232,0,2.65625,-2.65625
48000,31,233,0,2.57812,-2.57812
48000,31,234,0,2.57812,-2.57812
48000,31,235,0,2.5,-2.5
48000,31,236,0,2.5,-2.5
48000,31,237,0,2.42188,-2.42188
48000,31,238,0,2.42188,-2.42188
48000,31,239,0,2.34375,-2.34375
48000,31,240,0,2.34375,-2.34375
48000,31,241,0,2.26562,-2.26562
48000,31,242,0,2.26562,-2.26562
48000,31,243,0,2.1875,-2.1875
48000,31,244,0,2.1875,-2.1875
48000,31,245,0,2.10938,-2.10938
48000,31,246,0,2.10938,-2.10938
48000,31,247,0,2.03125,-2.03125
48000,31,248,0,2.03125,-2.03125
48000,31,249,0,1.95312,-1.95312
48000,31,250,0,1.95312,-1.95312
48000,31,251,0,1.875,-1.875
48000,31,252,0,1.875,-1.875
48000,31,253,0,1.79688,-1.79688
48000,31,254,0,1.79688,-1.79688
48000,31,255,0,1.71875,-1.71875
48000,31,256,0,1.71875,-1.71875
48000,31,257,0,1.64062,-1.64062
48000,31,258,0,1.64062,-1.64062
48000,31,259,0,1.5625,-1.5625
48000,31,260,0,1.5625,-1.5625
48000,31,261,0,1.48438,-1.48438
48000,31,262,0,1.48438,-1.48438
48000,31,263,0,1.40625,-1.40625
48000,31,264,0,1.40625,-1.40625
48000,31,265,0,1.32812,-1.32812
48000,31,266,0,1.32812,-1.32812
48000,31,267,0,1.25,-1.25
48000,31,268,0,1.25,-1.25
48000,31,269,0,1.17188,-1.17188
48000,31,270,0,1.17188,-1.17188
48000,31,271,0,1.09375,-1.09375
48000,31,272,0,1.09375,-1.09375
48000,31,273,0,1.01562,-1.01562
48000,31,274,0,1.01562,-1.01562
48000,31,275,0,0.9375,-0.9375
48000,31,276,0,0.9375,-0.9375
48000,31,277,0,0.859375,-0.859375
48000,31,278,0,0.859375,-0.859375
48000,31,279,0,0.78125,-0.78125
48000,31,280,0,0.78125,-0.78125
48000,31,281,0,0.703125,-0.703125
48000,31,282,0,0.703125,-0.703125
48000,31,283,0,0.625,-0.625
48000,31,284,0,0.625,-0.625
48000,31,285,0,0.546875,-0.546875
48000,31,286,0,0.546875,-0.546875
48000,31,287,0,0.46875,-0.46875
48000,31,288,0,0.46875,-0.46875
48000,31,289,0,0.390625,-0.390625
48000,31,290,0,0.390625,-0.390625
48000,31,291,0,0.3125,-0.3125
48000,31,292,0,0.3125,-0.3125
48000,31,293,0,0.234375,-0.234375
48000,31,294,0,0.234375,-0.234375
48000,31,295,0,0.15625,-0.15625
48000,31,296,0,0.15625,-0.15625
48000,31,297,0,0.078125,-0.078125
48000,31,298,0,0.078125,-0.078125
48000,31,299,0,0,-0
48000,31,300,0,0,-0
48000,31,301,0,0,-0
48000,31,302,0,0,-0
48000,31,303,0,0,-0
48000,31,304,0,0,-0
48000,31,305,0,0,-0
48000,31,306,0,0,-0
48000,31,307,0,0,-0
48000,31,308,0,0,-0
48000,31,309,0,0,-0
48000,31,310,0,0,-0
48000,31,311,0,0,-0
48000,31,312,0,0,-0
48000,31,313,0,0,-0
48000,31,314,0,0,-0
48000,31,315,0,0,-0
48000,31,316,0,0,-0
48000,31,317,0,0,-0
48000,31,318,0,0,-0
48000,31,319,0,0,-0
48000,31,320,0,0,-0
48000,31,321,0,0,-0
48000,31,322,0,0,-0
48000,31,323,0,0,-0
48000,31,324,0,0,-0
48000,31,325,0,0,-0
48000,31,326,0,0,-0
48000,31,327,0,0,-0
48000,31,328,0,0,-0
48000,31,329,0,0,-0
48000,31,330,0,0,-0
48000,31,331,0,0,-0
48000,31,332,0,0,-0
48000,31,333,0,0,-0
48000,31,334,0,0,-0
48000,31,335,0,0,-0
48000,31,336,0,0,-0
48000,31,337,0,0,-0
48000,31,338,0,0,-0
48000,31,339,0,0,-0
48000,31,340,0,0,-0
48000,31,341,0,0,-0
48000,31,342,0,0,-0
48000,31,343,0,0,-0
48000,31,344,0,0,-0
48000,31,345,0,0,-0
48000,31,346,0,0,-0
48000,31,347,0,0,-0
48000,31,348,0,0,-0
48000,31,349,0,0,-0
48000,31,350,0,0,-0
48000,31,351,0,0,-0
48000,31,352,0,0,-0
48000,31,353,0,0,-0
48000,31,354,0,0,-0
48000,31,355,0,0,-0
48000,31,356,0,0,-0
48000,31,357,0,0,-0
48000,31,358,0,0,-0
48000,31,359,0,0,-0
48000,31,360,0,0,-0
48000,31,361,0,0,-0
48000,31,362,0,0,-0
48000,31,363,0,0,-0
48000,31,364,0,0,-0
48000,31,365,0,0,-0
48000,31,366,0,0,-0
48000,31,367,0,0,-0
48000,31,368,0,0,-0
48000,31,369,0,0,-0
48000,31,370,0,0,-0
48000,31,371,0,0,-0
48000,31,372,0,0,-0
48000,31,373,0,0,-0
48000,31,374,0,0,-0
48000,31,375,0,0,-0
48000,31,376,0,0,-0
48000,31,377,0,0,-0
48000,31,378,0,0,-0
48000,31,379,0,0,-0
48000,31,380,0,0,-0
48000,31,381,0,0,-0
48000,31,382,0,0,-0
48000,31,383,0,0,-0
48000,31,384,0,0,-0
48000,31,385,0,0,-0
48000,31,386,0,0,-0
48000,31,387,0,0,-0
48000,31,388,0,0,-0
48000,31,389,0,0,-0
48000,31,390,0,0,-0
48000,31,391,0,0,-0
48000,31,392,0,0,-0
48000,31,393,0,0,-0
48000,31,394,0,0,-0
48000,31,395,0,0,-0
48000,31,396,0,0,-0
48000,31,397,0,0,-0
48000,31,398,0,0,-0
48000,31,399,0,0,-0
48000,31,400,0,0,-0
48000,31,401,0,0,-0
48000,31,402,0,0,-0
48000,31,403,0,0,-0
48000,31,404,0,0,-0
48000,31,405,0,0,-0
48000,31,406,0,0,-0
48000,31,407,0,0,-0
48000,31,408,0,0,-0
48000,31,409,0,0,-0
48000,31,410,0,0,-0
48000,31,411,0,0,-0
48000,31,412,0,0,-0
48000,31,413,0,0,-0
48000,31,414,0,0,-0
48000,31,415,0,0,-0
48000,31,416,0,0,-0
48000,31,417,0,0,-0
48000,31,418,0,0,-0
48000,31,419,0,0,-0
48000,31,420,0,0,-0
48000,31,421,0,0,-0
48000,31,422,0,0,-0
48000,31,423,0,0,-0
48000,31,424,0,0,-0
48000,31,425,0,0,-0
48000,31,426,0,0,-0
48000,31,427,0,0,-0
48000,31,428,0,0,-0
48000,31,429,0,0,-0
48000,31,430,0,0,-0
48000,31,431,0,0,-0
48000,31,432,0,0,-0
48000,31,433,0,0,-0
48000,31,434,0,0,-0
48000,31,435,0,0,-0
48000,31,436,0,0,-0
48000,31,437,0,0,-0
48000,31,438,0,0,-0
48000,31,439,0,0,-0
48000,31,440,0,0,-0
48000,31,441,0,0,-0
48000,31,442,0,0,-0
48000,31,443,0,0,-0
48000,31,444,0,0,-0
48000,31,445,0,0,-0
48000,31,446,0,0,-0
48000,31,447,0,0,-0
48000,31,448,0,0,-0
48000,31,449,0,0,-0
48000,31,450,0,0,-0
48000,31,451,0,0,-0
48000,31,452,0,0,-0
48000,31,453,0,0,-0
48000,31,454,0,0,-0
48000,31,455,0,0,-0
48000,31,456,0,0,-0
48000,31,457,0,0,-0
48000,31,458,0,0,-0
48000,31,459,0,0,-0
48000,31,460,0,0,-0
48000,31,461,0,0,-0
48000,31,462,0,0,-0
48000,31,463,0,0,-0
48000,31,464,0,0,-0
48000,31,465,0,0,-0
48000,31,466,0,0,-0
48000,31,467,0,0,-0
48000,31,468,0,0,-0
48000,31,469,0,0,-0
48000,31,470,0,0,-0
48000,31,471,0,0,-0
48000,31,472,0,0,-0
48000,31,473,0,0,-0
48000,31,474,0,0,-0
48000,31,475,0,0,-0
48000,31,476,0,0,-0
48000,31,477,0,0,-0
48000,31,478,0,0,-0
48000,31,479,0,0,-0
48000,31,480,0,0,-0
48000,31,481,0,0,-0
48000,31,482,0,0,-0
48000,31,483,0,0,-0
48000,31,484,0,0,-0
48000,31,485,0,0,-0
48000,31,486,0,0,-0
48000,31,487,0,0,-0
48000,31,488,0,0,-0
48000,31,489,0,0,-0
48000,31,490,0,0,-0
48000,31,491,0,0,-0
48000,31,492,0,0,-0
48000,31,493,0,0,-0
48000,31,494,0,0,-0
48000,31,495,0,0,-0
48000,31,496,0,0,-0
48000,31,497,0,0,-0
48000,31,498,0,0,-0
48000,31,499,0,0,-0
48000,31,500,0,0,-0
48000,31,501,0,0,-0
48000,31,502,0,0,-0
48000,31,503,0,0,-0
48000,31,504,0,0,-0
48000,31,505,0,0,-0
48000,31,506,0,0,-0
48000,31,507,0,0,-0
48000,31,508,0,0,-0
48000,31,509,0,0,-0
48000,31,510,0,0,-0
48000,31,511,0,0,-0
48000,31,512,0,0,-0
48000,31,513,0,0,-0
48000,31,514,0,0,-0
48000,31,515,0,0,-0
48000,31,516,0,0,-0
48000,31,517,0,0,-0
48000,31,518,0,0,-0
48000,31,519,0,0,-0
48000,31,520,0,0,-0
48000,31,521,0,0,-0
48000,31,522,0,0,-0
48000,31,523,0,0,-0
48000,31,524,0,0,-0
48000,31,525,0,0,-0
48000,31,526,0,0,-0
48000,31,527,0,0,-0
48000,31,528,0,0,-0
48000,31,529,0,0,-0
48000,31,530,0,0,-0
48000,31,531,0,0,-0
48000,31,532,0,0,-0
48000,31,533,0,0,-0
48000,31,534,0,0,-0
48000,31,535,0,0,-0
48000,31,536,0,0,-0
48000,31,537,0,0,-0
48000,31,538,0,0,-0
48000,31,539,0,0,-0
48000,31,540,0,0,-0
48000,31,541,0,0,-0
48000,31,542,0,0,-0
48000,31,543,0,0,-0
48000,31,544,0,0,-0
48000,31,545,0,0,-0
48000,31,546,0,0,-0
48000,31,547,0,0,-0
48000,31,548,0,0,-0
48000,31,549,0,0,-0
48000,31,550,0,0,-0
48000,31,551,0,0,-0
48000,31,552,0,0,-0
48000,31,553,0,0,-0
48000,31,554,0,0,-0
48000,31,555,0,0,-0
48000,31,556,0,0,-0
48000,31,557,0,0,-0
48000,31,558,0,0,-0
48000,31,559,0,0,-0
48000,31,560,0,0,-0
48000,31,561,0,0,-0
48000,31,562,0,0,-0
48000,31,563,0,0,-0
48000,31,564,0,0,-0
48000,31,565,0,0,-0
48000,31,566,0,0,-0
48000,31,567,0,0,-0
48000,31,568,0,0,-0
48000,31,569,0,0,-0
48000,31,570,0,0,-0
48000,31,571,0,0,-0
48000,31,572,0,0,-0
48000,31,573,0,0,-0
48000,31,574,0,0,-0
48000,31,575,0,0,-0
48000,31,576,0,0,-0
48000,31,577,0,0,-0
48000,31,578,0,0,-0
48000,31,579,0,0,-0
48000,31,580,0,0,-0
48000,31,581,0,0,-0
48000,31,582,0,0,-0
48000,31,583,0,0,-0
48000,31,584,0,0,-0
48000,31,585,0,0,-0
48000,31,586,0,0,-0
48000,31,587,0,0,-0
48000,31,588,0,0,-0
48000,31,589,0,0,-0
48000,31,590,0,0,-0
48000,31,591,0,0,-0
48000,31,592,0,0,-0
48000,31,593,0,0,-0
48000,31,594,0,0,-0
48000,31,595,0,0,-0
48000,31,596,0,0,-0
48000,31,597,0,0,-0
48000,31,598,0,0,-0
48000,31,599,0,0,-0
48000,31,600,0,0,-0
48000,31,601,0,0,-0
48000,31,602,0,0,-0
48000,31,603,0,0,-0
48000,31,604,0,0,-0
48000,31,605,0,0,-0
48000,31,606,0,0,-0
48000,31,607,0,0,-0
48000,31,608,0,0,-0
48000,31,609,0,0,-0
48000,31,610,0,0,-0
48000,31,611,0,0,-0
48000,31,612,0,0,-0
48000,31,613,0,0,-0
48000,31,614,0,0,-0
48000,31,615,0,0,-0
48000,31,616,0,0,-0
48000,31,617,0,0,-0
48000,31,618,0,0,-0
48000,31,619,0,0,-0
48000,31,620,0,0,-0
48000,31,621,0,0,-0
48000,31,622,0,0,-0
48000,31,623,0,0,-0
