rate,frames,lanes,median_us,p99_us,max_us,budget_us,module_bytes
44100,64,1,18.625,19.291,19.416,1451.247,165368
44100,64,4,55.125,63.084,63.375,1451.247,165368
44100,64,16,157.250,192.250,194.667,1451.247,165368
44100,256,1,40.250,43.375,45.833,5804.989,165368
44100,256,4,150.333,158.334,168.167,5804.989,165368
44100,256,16,588.625,603.291,611.042,5804.989,165368
48000,64,1,9.375,9.667,9.750,1333.333,165368
48000,64,4,34.708,37.542,53.584,1333.333,165368
48000,64,16,135.959,143.625,148.083,1333.333,165368
48000,256,1,37.625,40.417,42.250,5333.333,165368
48000,256,4,139.208,145.250,151.958,5333.333,165368
48000,256,16,545.583,562.292,567.042,5333.333,165368
96000,64,1,5.500,5.708,5.792,666.667,165368
96000,64,4,18.958,19.708,24.125,666.667,165368
96000,64,16,72.417,76.791,79.375,666.667,165368
96000,256,1,22.000,22.416,27.208,2666.667,165368
96000,256,4,75.917,81.291,98.500,2666.667,165368
96000,256,16,291.334,309.542,324.583,2666.667,165368
